[
  {
    "company": "  uic group ",
    "job pattern": "",
    "location": "  toshkent sh (\ud83d\ude87 pushkin) ",
    "salary": "  10-20 mln uzs",
    "experience": "  2+ yil / middle",
    "internship": "",
    "date": "2024-03-14T08:11:36",
    "position": " \u26a1\ufe0fuic group jamoasiga qo'shilsh imkoniyati!  ",
    "technologies": [
      "vue",
      "js",
      "git",
      "nuxt",
      "nuxt",
      "tailwind",
      "css",
      "html",
      "js",
      "webpack",
      "rollup",
      "sass",
      "less",
      "axios"
    ]
  },
  {
    "company": "  uic group ",
    "job pattern": "",
    "location": "  toshkent sh ",
    "salary": "  10-20 mln uzs",
    "experience": "  2+ yil / middle",
    "internship": "",
    "date": "2024-03-15T12:50:54",
    "position": " \u26a1\ufe0fuic group jamoasiga qo'shilsh imkoniyati!  ",
    "technologies": [
      "react",
      "js",
      "git",
      "next",
      "next",
      "tailwind",
      "css",
      "html",
      "js",
      "sass",
      "less",
      "axios"
    ]
  },
  {
    "company": " felix ",
    "job pattern": "",
    "location": "  toshkent sh ",
    "salary": "  300+ $ usd",
    "experience": "  junior / junior +",
    "internship": "",
    "date": "2024-03-29T19:22:21",
    "position": " \ud83d\udc64   lavozim: frontend - reactjs ",
    "technologies": ["react", "vue", "js", "js", "typescript", "redux"]
  },
  {
    "company": " techup ",
    "job pattern": "",
    "location": "  qashqadaryo vil ",
    "salary": "  400 $ usd",
    "experience": "  junior",
    "internship": "",
    "date": "2024-03-30T14:25:15",
    "position": " \ud83d\udc64   lavozim: frontend   dasturchi ",
    "technologies": ["react", "angular", "js"]
  },
  {
    "company": " dbites it o\u2018quv markazi ",
    "job pattern": "",
    "location": "  sirdaryo vil, guliston sh ",
    "salary": "  300+ $ usd",
    "experience": "  junior +",
    "internship": "",
    "date": "2024-03-30T16:27:35",
    "position": " \ud83d\udc64   lavozim: frontend    - react ",
    "technologies": [
      "react",
      "js",
      "git",
      "bootstrap",
      "css",
      "html",
      "js",
      "sass"
    ]
  },
  {
    "company": " myteacher ",
    "job pattern": "",
    "location": "  toshkent sh ",
    "salary": "  100+ $ usd",
    "experience": "  junior",
    "internship": "",
    "date": "2024-03-30T22:30:49",
    "position": " \ud83d\udc64   lavozim: frontend    - react ",
    "technologies": ["react", "js", "css", "html", "js"]
  },
  {
    "company": " wester rj group ",
    "job pattern": "",
    "location": "  andijon sh ",
    "salary": "  amaliyot (2 oy)",
    "experience": "  junior",
    "internship": "",
    "date": "2024-04-01T11:13:46",
    "position": " \ud83d\udc64   lavozim: frontend    - react ",
    "technologies": ["react", "js", "css", "html", "js"]
  },
  {
    "company": " microsoft academy ",
    "job pattern": "",
    "location": "  navoiy ",
    "salary": "  400+ $ usd",
    "experience": "  junior +",
    "internship": "",
    "date": "2024-04-01T19:23:17",
    "position": " \ud83d\udc64   lavozim: frontend    - react ",
    "technologies": ["react", "js", "css", "html", "js", "redux"]
  },
  {
    "company": " exord soft ",
    "job pattern": "",
    "location": "  toshkent sh ",
    "salary": "  300+ $ usd",
    "experience": "  junior +",
    "internship": "",
    "date": "2024-04-01T22:38:32",
    "position": " \ud83d\udc64   lavozim: frontend    - react ",
    "technologies": [
      "react",
      "git",
      "bootstrap",
      "css",
      "html",
      "js",
      "typescript",
      "redux"
    ]
  },
  {
    "company": " artel ",
    "job pattern": "",
    "location": "  toshkent ",
    "salary": "  soatiga 20 $ usd",
    "experience": "  4+ / senior",
    "internship": "",
    "date": "2024-04-02T14:30:18",
    "position": " \ud83d\udc64   lavozim: frontend    - react ",
    "technologies": [
      "react",
      "js",
      "restful api",
      "git",
      "next",
      "next",
      "js",
      "typescript",
      "gsap"
    ]
  },
  {
    "company": " nowshopping ",
    "job pattern": "",
    "location": "  andijon viloyati ",
    "salary": "  amaliyot uchun",
    "experience": "  junior",
    "internship": "",
    "date": "2024-04-04T15:47:56",
    "position": " \ud83d\udc64   lavozim: frontend    - react ",
    "technologies": ["react", "js", "css", "html", "js"]
  },
  {
    "company": " uzfin ",
    "job pattern": "",
    "location": "  samarqand viloyati ",
    "salary": "  400+ $ usd",
    "experience": "  junior +",
    "internship": "",
    "date": "2024-04-05T10:06:17",
    "position": " \ud83d\udc64   lavozim: frontend    - react ",
    "technologies": ["react", "js", "bootstrap", "css", "html", "js"]
  },
  {
    "company": " innovation techno service ",
    "job pattern": "",
    "location": "  toshkent sh ",
    "salary": "  amaliyot(3-4 oy), keyin 300 $ usd",
    "experience": "  junior",
    "internship": "",
    "date": "2024-04-05T15:50:03",
    "position": " \ud83d\udc64   lavozim: frontend    - react ",
    "technologies": [
      "react",
      "js",
      "git",
      "bootstrap",
      "tailwind",
      "css",
      "html",
      "js",
      "typescript",
      "sass"
    ]
  },
  {
    "company": " aka taxi ",
    "job pattern": "",
    "location": "  toshkent sh ",
    "salary": "  suhbat asosida",
    "experience": "  middle / 1-3 yil",
    "internship": "",
    "date": "2024-04-07T12:13:00",
    "position": " \ud83d\udc64   lavozim: frontend    - react ",
    "technologies": ["react", "js", "typescript"]
  },
  {
    "company": " abutech ",
    "job pattern": "",
    "location": "  toshkent sh ",
    "salary": "  haq to'lanadi",
    "experience": "  - / junior",
    "internship": "",
    "date": "2024-04-07T12:25:05",
    "position": " \ud83d\udc64   lavozim: react   amaliyotchi ",
    "technologies": ["react", "css", "html", "typescript"]
  },
  {
    "company": " phoenix it consulting ",
    "job pattern": "",
    "location": "  toshkent sh ",
    "salary": "  7-10 mln uzs",
    "experience": "  junior + / 1-2 yil",
    "internship": "",
    "date": "2024-04-07T14:50:06",
    "position": " \ud83d\udc64   lavozim: frontend    - react ",
    "technologies": [
      "react",
      "js",
      "git",
      "bootstrap",
      "css",
      "html",
      "webpack",
      "gulp",
      "sass",
      "less",
      "axios"
    ]
  },
  {
    "company": " zeroone ",
    "job pattern": "",
    "location": "  toshkent sh ",
    "salary": "  amaliyot uchun",
    "experience": "  tajribasiz / junior",
    "internship": "",
    "date": "2024-04-07T15:42:39",
    "position": " \ud83d\udc64   lavozim: vue   amaliyotchi ",
    "technologies": ["vue", "js", "nuxt"]
  },
  {
    "company": " uzinfocom ",
    "job pattern": "",
    "location": "  toshkent sh ",
    "salary": "  15-25 mln uzs",
    "experience": "  2+ yil / middle",
    "internship": "",
    "date": "2024-04-07T18:38:05",
    "position": " \ud83d\udc64   lavozim: frontend - vue ",
    "technologies": [
      "react",
      "vue",
      "restful api",
      "git",
      "css",
      "html",
      "typescript",
      "vuex",
      "sass",
      "less"
    ]
  },
  {
    "company": " soff study - o'quv markazi ",
    "job pattern": "",
    "location": "  toshkent sh ",
    "salary": "  4-12 mln uzs",
    "experience": "  2+ yil",
    "internship": "",
    "date": "2024-04-07T18:51:59",
    "position": " \ud83d\udc64   lavozim: react   ustoz  (mentor)",
    "technologies": [
      "react",
      "js",
      "git",
      "react",
      "next",
      "next",
      "bootstrap",
      "css",
      "html",
      "js",
      "sass"
    ]
  },
  {
    "company": " itinfern ",
    "job pattern": "",
    "location": "  o'zbekiston ",
    "salary": "  500 $ usd",
    "experience": "  junior",
    "internship": "",
    "date": "2024-04-08T10:19:08",
    "position": " \ud83d\udc64   lavozim: frontend -   junior ",
    "technologies": [
      "react",
      "vue",
      "git",
      "angular",
      "css",
      "html",
      "js",
      "typescript",
      "sass"
    ]
  },
  {
    "company": " rayyan resort hotel ",
    "job pattern": "",
    "location": "  toshkent sh ",
    "salary": "  1000 - 2000 $ usd, oylik",
    "experience": "  middle+ / 3 yil (real loyihada)",
    "internship": "",
    "date": "2024-04-08T15:54:10",
    "position": " \ud83d\udc64   lavozim: frontend -   vue   dasturchi ",
    "technologies": [
      "vue",
      "js",
      "git",
      "nuxt",
      "css",
      "js",
      "typescript",
      "sass"
    ]
  },
  {
    "company": " start-up loyiha ",
    "job pattern": "",
    "location": "  toshkent sh ",
    "salary": "  amaliyot uchun",
    "experience": "  junior",
    "internship": "",
    "date": "2024-04-09T14:33:16",
    "position": " \ud83d\udc64   lavozim: frontend    - react ",
    "technologies": [
      "react",
      "js",
      "git",
      "next",
      "tailwind",
      "css",
      "html",
      "js",
      "typescript",
      "redux"
    ]
  },
  {
    "company": " uniweek ",
    "job pattern": "",
    "location": "  toshkent sh ",
    "salary": "  200-500 $ usd",
    "experience": "  1+ yil / junior",
    "internship": "",
    "date": "2024-04-11T10:27:08",
    "position": " \ud83d\udc64   lavozim: frontend - react ",
    "technologies": [
      "react",
      "js",
      "git",
      "next",
      "bootstrap",
      "css",
      "html",
      "js",
      "sass"
    ]
  },
  {
    "company": "  technocorp ",
    "job pattern": "",
    "location": "  toshkent sh ",
    "salary": "  800+ $ usd",
    "experience": "  1+ yil",
    "internship": "",
    "date": "2024-04-12T11:50:53",
    "position": " \ud83d\udc64   lavozim: frontend - react ",
    "technologies": [
      "react",
      "js",
      "git",
      "next",
      "bootstrap",
      "tailwind",
      "css",
      "html",
      "js",
      "sass"
    ]
  },
  {
    "company": " microsoft academy ",
    "job pattern": "",
    "location": "  navoiy ",
    "salary": "  300+ $ usd, oylik",
    "experience": "  1 yil / junior",
    "internship": "",
    "date": "2024-04-14T10:20:06",
    "position": " \ud83d\udc64   lavozim: frontend -   vue   dasturchi ",
    "technologies": [
      "vue",
      "js",
      "jquery",
      "bootstrap",
      "tailwind",
      "css",
      "html",
      "js",
      "sass"
    ]
  },
  {
    "company": " geedbro ",
    "job pattern": "",
    "location": "  toshkent sh ",
    "salary": "  400 - 800 $ usd",
    "experience": "  strong junior / 1+ yil",
    "internship": "",
    "date": "2024-04-14T17:50:22",
    "position": " \ud83d\udc64   lavozim: frontend - react ",
    "technologies": [
      "react",
      "js",
      "next",
      "next",
      "bootstrap",
      "tailwind",
      "typescript",
      "webpack",
      "axios",
      "pwa"
    ]
  },
  {
    "company": " sd solutions ",
    "job pattern": "",
    "location": "  toshkent sh ",
    "salary": "  suhbat asosida",
    "experience": "  middle / 2 yil",
    "internship": "",
    "date": "2024-04-14T18:12:59",
    "position": "\ud83d\udc64  lavozim: frontend -   vue   dasturchi ",
    "technologies": ["vue", "js", "vue", "css", "js"]
  },
  {
    "company": " dynamic soft ",
    "job pattern": "",
    "location": "  toshkent sh ",
    "salary": "  500 - 1000 $ usd",
    "experience": "  2 yil / middle",
    "internship": "",
    "date": "2024-04-15T17:23:28",
    "position": " \ud83d\udc64   lavozim: frontend - react ",
    "technologies": ["react", "js", "git", "next", "css", "html"]
  },
  {
    "company": " iqtisodiyot va moliya vazirligi axborot texnologiyalari markazi duk ",
    "job pattern": "",
    "location": "  toshkent sh ",
    "salary": "  12 - 25 mln uzs",
    "experience": "  middle",
    "internship": "",
    "date": "2024-04-16T09:27:45",
    "position": " \ud83d\udc64   lavozim: frontend -   vue ",
    "technologies": [
      "vue",
      "js",
      "nuxt",
      "tailwind",
      "css",
      "html",
      "js",
      "typescript",
      "sass"
    ]
  },
  {
    "company": " softwire ",
    "job pattern": "",
    "location": "  toshkent sh ",
    "salary": "  400+ $ usd",
    "experience": "  6 + oy / junior",
    "internship": "",
    "date": "2024-04-16T15:03:31",
    "position": " \ud83d\udc64   lavozim: frontend - react ",
    "technologies": [
      "react",
      "js",
      "next",
      "tailwind",
      "css",
      "html",
      "js",
      "redux",
      "sass"
    ]
  },
  {
    "company": " clise ",
    "job pattern": "",
    "location": "  andijon ",
    "salary": "  200+ $ usd",
    "experience": "  junior",
    "internship": "",
    "date": "2024-04-16T21:01:49",
    "position": " \ud83d\udc64   lavozim: frontend - react ",
    "technologies": ["react", "js", "css", "html", "js", "typescript"]
  },
  {
    "company": " devcraft ",
    "job pattern": "",
    "location": "  toshkent sh ",
    "salary": "  10 - 20 mln uzs",
    "experience": "  3 yil",
    "internship": "",
    "date": "2024-04-17T18:58:04",
    "position": " \ud83d\udc64   lavozim: frontend - react ",
    "technologies": ["react"]
  },
  {
    "company": "  udevs ",
    "job pattern": "",
    "location": "  toshkent sh ",
    "salary": "  suhbat asosida",
    "experience": "  1-3 yil / middle",
    "internship": "",
    "date": "2024-04-19T17:20:33",
    "position": " \ud83d\udc64   lavozim: frontend - react ",
    "technologies": ["react", "git", "js", "typescript"]
  },
  {
    "company": " tramplin it akademiyasi ",
    "job pattern": "",
    "location": "  toshkent sh (novza metro) ",
    "salary": "  5 - 15 mln uzs ",
    "experience": "  2+ yil",
    "internship": "",
    "date": "2024-04-19T17:37:51",
    "position": " \ud83d\udc64   lavozim: frontend   -   mentor ",
    "technologies": [
      "react",
      "vue",
      "js",
      "git",
      "angular",
      "tailwind",
      "css",
      "html",
      "js",
      "typescript",
      "sass"
    ]
  },
  {
    "company": "  btech ",
    "job pattern": "",
    "location": "  toshkent sh ",
    "salary": "  10+ mln uzs",
    "experience": "  2 yil / middle",
    "internship": "",
    "date": "2024-04-20T16:33:54",
    "position": " \ud83d\udc64   lavozim: frontend -   vue ",
    "technologies": ["vue", "js", "css", "html", "js"]
  },
  {
    "company": " coding school ",
    "job pattern": "",
    "location": "  andijon ",
    "salary": "  200 - 900 $ usd",
    "experience": "  strong junior",
    "internship": "",
    "date": "2024-04-21T13:51:54",
    "position": " \ud83d\udc64   lavozim: frontend - react ",
    "technologies": ["react", "js", "jquery", "css", "html", "js", "sass"]
  },
  {
    "company": " moonup ",
    "job pattern": "",
    "location": "  masofaviy (online) ",
    "salary": "  suhbat asosida (0 -1000 $)",
    "experience": "  junior / strong junior",
    "internship": "",
    "date": "2024-04-22T16:41:50",
    "position": " \ud83d\udc64   lavozim: frontend - react ",
    "technologies": [
      "react",
      "js",
      "next",
      "tailwind",
      "css",
      "js",
      "typescript"
    ]
  },
  {
    "company": "  btech ",
    "job pattern": "",
    "location": "  toshkent sh ",
    "salary": "  10+ mln uzs",
    "experience": "  2 yil / middle",
    "internship": "",
    "date": "2024-04-22T16:46:12",
    "position": " \ud83d\udc64   lavozim: frontend -   vue ",
    "technologies": ["vue", "js", "css", "html", "js"]
  },
  {
    "company": " aka taxi ",
    "job pattern": "",
    "location": "  toshkent sh ",
    "salary": "  800+ $ usd",
    "experience": "  2 yil / middle",
    "internship": "",
    "date": "2024-04-22T19:27:44",
    "position": " \ud83d\udc64   lavozim: frontend - react ",
    "technologies": [
      "react",
      "js",
      "git",
      "react",
      "next",
      "next",
      "typescript"
    ]
  },
  {
    "company": " it progress company ",
    "job pattern": "",
    "location": "  jizzax / masofaviy ",
    "salary": "  amaliyot uchun",
    "experience": "  junior",
    "internship": "",
    "date": "2024-04-22T19:28:16",
    "position": " \ud83d\udc64   lavozim: frontend - react ",
    "technologies": ["react", "js", "git", "next", "js", "typescript"]
  },
  {
    "company": " newlook academy ",
    "job pattern": "",
    "location": "  andijon ",
    "salary": "  5+ mln uzs",
    "experience": "  bor",
    "internship": "",
    "date": "2024-04-23T17:26:37",
    "position": " \ud83d\udc64   lavozim: frontend - react ",
    "technologies": ["react", "css", "html", "js"]
  },
  {
    "company": " muk computers ",
    "job pattern": "",
    "location": "  toshkent sh ",
    "salary": "  suhbat asosida",
    "experience": "  1-3 yil",
    "internship": "",
    "date": "2024-04-24T11:27:44",
    "position": " \ud83d\udc64   lavozim: frontend  (\u0432\u0435\u0440\u0441\u0442\u0430\u043b\u044c\u0449\u0438\u043a)",
    "technologies": ["css", "html"]
  },
  {
    "company": " vivamed ",
    "job pattern": "",
    "location": "  toshkent sh ",
    "salary": "  5 - 8 mln uzs",
    "experience": "  2 yil",
    "internship": "",
    "date": "2024-04-24T11:40:05",
    "position": " \ud83d\udc64   lavozim: frontend - react ",
    "technologies": [
      "react",
      "js",
      "git",
      "next",
      "bootstrap",
      "css",
      "js",
      "typescript",
      "sass",
      "less"
    ]
  },
  {
    "company": " database management dep ",
    "job pattern": "",
    "location": "  toshkent sh ",
    "salary": "  6 - 12 mln uzs",
    "experience": "  1+ yil / strong junior",
    "internship": "",
    "date": "2024-04-26T19:22:06",
    "position": " \ud83d\udc64   lavozim: frontend - react ",
    "technologies": [
      "react",
      "vue",
      "js",
      "git",
      "next",
      "bootstrap",
      "tailwind",
      "css",
      "html",
      "js",
      "typescript",
      "redux"
    ]
  },
  {
    "company": " o\u2019quv markazi ",
    "job pattern": "",
    "location": "  toshkent viloyati ",
    "salary": "  300 $ usd",
    "experience": "  junior",
    "internship": "",
    "date": "2024-04-26T21:11:56",
    "position": " \ud83d\udc64   lavozim: frontend - react ",
    "technologies": ["react", "js", "bootstrap", "css", "html"]
  },
  {
    "company": " \u2014 ",
    "job pattern": "",
    "location": "  masofadan ",
    "salary": "  1500 - 3000 $ usd",
    "experience": "  2+ yil / middle / senior",
    "internship": "",
    "date": "2024-04-27T19:00:01",
    "position": " \ud83d\udc64   lavozim: frontend -   vue ",
    "technologies": [
      "vue",
      "js",
      "git",
      "vue",
      "nuxt",
      "nuxt",
      "bootstrap",
      "tailwind",
      "css",
      "html",
      "js",
      "typescript",
      "vuex",
      "sass"
    ]
  },
  {
    "company": " mobile solutions ",
    "job pattern": "",
    "location": "  toshkent sh ",
    "salary": "  suhbat asosida",
    "experience": "  1- 3 yil",
    "internship": "",
    "date": "2024-04-28T12:10:07",
    "position": " \ud83d\udc64   lavozim: frontend - react ",
    "technologies": [
      "react",
      "js",
      "git",
      "react",
      "next",
      "next",
      "css",
      "html",
      "js",
      "typescript",
      "graphql"
    ]
  },
  {
    "company": "  iplus ",
    "job pattern": "",
    "location": "  toshkent sh ",
    "salary": "  8 mln uzs",
    "experience": "  3 yil",
    "internship": "",
    "date": "2024-04-28T18:53:55",
    "position": "\ud83d\udc64  lavozim: frontend -   vue ",
    "technologies": [
      "react",
      "vue",
      "js",
      "nuxt",
      "next",
      "next",
      "css",
      "html",
      "js"
    ]
  },
  {
    "company": " imasterdev ",
    "job pattern": "",
    "location": "  toshkent vil.parkent tumani",
    "salary": "  suhbat asosida",
    "experience": "  bo'lishi kerak",
    "internship": "",
    "date": "2024-04-29T17:51:06",
    "position": " \ud83d\udc64   lavozim: frontend - react ",
    "technologies": []
  },
  {
    "company": " gcs corp ",
    "job pattern": "",
    "location": "  toshkent sh ",
    "salary": "  500+ $",
    "experience": "  strong junior +",
    "internship": "",
    "date": "2024-04-30T12:11:38",
    "position": " \ud83d\udc64   lavozim: frontend - react ",
    "technologies": [
      "react",
      "js",
      "git",
      "next",
      "css",
      "html",
      "js",
      "typescript",
      "redux"
    ]
  },
  {
    "company": " unical ",
    "job pattern": "",
    "location": "  toshkent sh ",
    "salary": "  7+ mln uzs",
    "experience": "  1 yil / strong junior",
    "internship": "",
    "date": "2024-04-30T12:27:37",
    "position": " \ud83d\udc64   lavozim: frontend - vue/react ",
    "technologies": [
      "react",
      "vue",
      "js",
      "git",
      "bootstrap",
      "css",
      "html",
      "redux",
      "vuex",
      "sass",
      "axios"
    ]
  },
  {
    "company": " githubit ",
    "job pattern": "",
    "location": "  toshkent sh ",
    "salary": "  1000+ $ usd",
    "experience": "  2 yil",
    "internship": "",
    "date": "2024-05-02T22:36:09",
    "position": " \ud83d\udc64   lavozim: frontend - react ",
    "technologies": ["react", "git", "css", "html", "js", "typescript"]
  },
  {
    "company": " webcoder ",
    "job pattern": "",
    "location": "  toshkent sh ",
    "salary": "  amaliyot uchun",
    "experience": "  \u2014",
    "internship": "",
    "date": "2024-05-02T22:39:46",
    "position": " \ud83d\udc64   lavozim: frontend - react ",
    "technologies": ["react", "git", "css", "html", "js"]
  },
  {
    "company": " smart soft ",
    "job pattern": "",
    "location": "  xorazm viloyati ",
    "salary": "  amaliyot uchun",
    "experience": "  \u2014",
    "internship": "",
    "date": "2024-05-02T22:43:13",
    "position": " \ud83d\udc64   lavozim: frontend - react ",
    "technologies": ["react", "git", "css", "html", "js"]
  },
  {
    "company": " coding school uz ",
    "job pattern": "",
    "location": "  andijon viloyati ",
    "salary": "  200 - 1000 $ usd",
    "experience": "  junior",
    "internship": "",
    "date": "2024-05-05T12:01:23",
    "position": " \ud83d\udc64   lavozim: frontend - react ",
    "technologies": [
      "react",
      "js",
      "git",
      "jquery",
      "css",
      "html",
      "js",
      "sass",
      "less"
    ]
  },
  {
    "company": " nnt express ",
    "job pattern": "",
    "location": "  toshkent sh ",
    "salary": "  200 - 1200 $ usd",
    "experience": "  middle",
    "internship": "",
    "date": "2024-05-08T09:30:13",
    "position": " \ud83d\udc64   lavozim: frontend - react ",
    "technologies": ["react", "js", "next", "js"]
  },
  {
    "company": "  amedia online group ",
    "job pattern": "",
    "location": "  toshkent sh ",
    "salary": "  10 mln uzs",
    "experience": "  1+ yil",
    "internship": "",
    "date": "2024-05-09T21:21:27",
    "position": "\ud83d\udc64  lavozim: frontend -   vue ",
    "technologies": [
      "vue",
      "js",
      "vue",
      "nuxt",
      "nuxt",
      "tailwind",
      "css",
      "typescript"
    ]
  },
  {
    "company": "  e&o global inc ",
    "job pattern": "",
    "location": "  toshkent sh ",
    "salary": "  2 000 $ usd",
    "experience": "  3 yil",
    "internship": "",
    "date": "2024-05-09T21:35:28",
    "position": "\ud83d\udc64  lavozim: frontend -   react ",
    "technologies": ["react", "js", "next", "next", "js", "redux"]
  },
  {
    "company": " itlc ",
    "job pattern": "",
    "location": "  germaniya (masofaviy) ",
    "salary": "  300 $ usd",
    "experience": " \u2014 ",
    "internship": "",
    "date": "2024-05-10T21:13:45",
    "position": " \ud83d\udc64   lavozim: frontend - react / vue ",
    "technologies": ["react", "vue"]
  },
  {
    "company": " online service group ",
    "job pattern": "",
    "location": "  toshkent sh ",
    "salary": "  5+ mln uzs",
    "experience": "  junior",
    "internship": "",
    "date": "2024-05-11T19:25:05",
    "position": " \ud83d\udc64   lavozim: frontend - vue ",
    "technologies": ["vue", "js", "typescript"]
  },
  {
    "company": " smartcast ",
    "job pattern": "",
    "location": "  toshkent sh ",
    "salary": "  500 - 1.500 $ usd",
    "experience": "  2+ yil",
    "internship": "",
    "date": "2024-05-11T23:16:41",
    "position": "\ud83d\udc64  lavozim: frontend -   vue ",
    "technologies": [
      "vue",
      "js",
      "git",
      "nuxt",
      "css",
      "html",
      "js",
      "vuex",
      "sass"
    ]
  },
  {
    "company": " aflond ",
    "job pattern": "",
    "location": "  samarqand viloyati ",
    "salary": "  400 - 1000 $ usd",
    "experience": "  strong junior",
    "internship": "",
    "date": "2024-05-12T13:07:32",
    "position": " \ud83d\udc64   lavozim: full   stack ",
    "technologies": [
      "react",
      "vue",
      "js",
      "next",
      "angular",
      "tailwind",
      "css",
      "html",
      "js"
    ]
  },
  {
    "company": " tramplin it akademiyasi ",
    "job pattern": "",
    "location": "  toshkent sh (novza metro) ",
    "salary": "  5 - 15 mln uzs ",
    "experience": "  2+ yil",
    "internship": "",
    "date": "2024-05-13T16:02:31",
    "position": " \ud83d\udc64   lavozim: frontend   -   mentor ",
    "technologies": [
      "react",
      "vue",
      "js",
      "git",
      "angular",
      "tailwind",
      "css",
      "html",
      "js",
      "typescript",
      "sass"
    ]
  },
  {
    "company": " gcs corp ",
    "job pattern": "",
    "location": "  toshkent sh ",
    "salary": "  400 +  $ usd",
    "experience": "  2+ real loyiha",
    "internship": "",
    "date": "2024-05-22T18:48:15",
    "position": " \ud83d\udc64   lavozim: frontend - react ",
    "technologies": [
      "react",
      "js",
      "restful api",
      "git",
      "next",
      "css",
      "html",
      "js",
      "typescript",
      "redux"
    ]
  },
  {
    "company": " exord soft ",
    "job pattern": "",
    "location": "  toshkent sh ",
    "salary": "  300 +  $ usd",
    "experience": "  1+ yil",
    "internship": "",
    "date": "2024-05-23T11:24:23",
    "position": " \ud83d\udc64   lavozim: frontend - react ",
    "technologies": [
      "react",
      "git",
      "bootstrap",
      "css",
      "html",
      "js",
      "typescript",
      "redux"
    ]
  },
  {
    "company": " it progress company ",
    "job pattern": "",
    "location": "  jizzah shahar ",
    "salary": "  amaliyot uchun",
    "experience": "  junior",
    "internship": "",
    "date": "2024-05-23T15:46:11",
    "position": " \ud83d\udc64   lavozim: frontend - react ",
    "technologies": []
  },
  {
    "company": " xmed ",
    "job pattern": "",
    "location": "  toshkent shahar",
    "salary": "  700 $ usd",
    "experience": "  middle",
    "internship": "",
    "date": "2024-05-24T13:07:38",
    "position": " \ud83d\udc64   lavozim: frontend - react ",
    "technologies": []
  },
  {
    "company": " \u00a0aviasales ",
    "job pattern": "",
    "location": "  masofaviy ",
    "salary": "  $500 usd",
    "experience": "",
    "internship": "",
    "date": "2024-05-24T13:30:37",
    "position": " \ud83d\udc64   lavozim:  frontend - react stajor ",
    "technologies": ["react", "git", "css", "html", "typescript", "sass"]
  },
  {
    "company": " iqro agency ",
    "job pattern": "",
    "location": "  toshkent viloyati olmaliq shahar ",
    "salary": "  $500 +",
    "experience": "",
    "internship": "",
    "date": "2024-05-24T13:54:45",
    "position": " \ud83d\udc64   lavozim: frontend   dasturchi ,  stajor ",
    "technologies": ["react", "vue", "js", "css", "html"]
  },
  {
    "company": " - ",
    "job pattern": "",
    "location": "  toshkent shahar",
    "salary": "  600 $ + suhbat asosida",
    "experience": "  middle/senior",
    "internship": "",
    "date": "2024-05-24T14:17:02",
    "position": " \ud83d\udc64   lavozim: frontend middle/senior dasturchilarni ishga taklif qilamiz ",
    "technologies": []
  },
  {
    "company": " cosinus ",
    "job pattern": "",
    "location": "  toshkent shahar",
    "salary": "  8 -12 mln uzs",
    "experience": "  3 yil",
    "internship": "",
    "date": "2024-05-25T18:19:14",
    "position": " \ud83d\udc64   lavozim: frontend react ",
    "technologies": []
  },
  {
    "company": " amedia online group ",
    "job pattern": "",
    "location": "  toshkent sh ",
    "salary": "  10 mln uzs",
    "experience": "  1-3 yil",
    "internship": "",
    "date": "2024-05-26T20:30:06",
    "position": " \ud83d\udc64   lavozim: frontend -   vue ",
    "technologies": [
      "vue",
      "js",
      "vue",
      "nuxt",
      "nuxt",
      "tailwind",
      "css",
      "typescript"
    ]
  },
  {
    "company": "   expera digital it consulting ",
    "job pattern": "",
    "location": "  toshkent sh ",
    "salary": "  suhbat asosida",
    "experience": "  2 yil",
    "internship": "",
    "date": "2024-05-26T20:44:32",
    "position": " \ud83d\udc64   lavozim: frontend -   vue ",
    "technologies": ["vue", "git", "nuxt", "css", "typescript", "vuex", "sass"]
  },
  {
    "company": " strong academy ",
    "job pattern": "",
    "location": "  farg'ona viloyati ",
    "salary": "  300 $ usd",
    "experience": "  junior",
    "internship": "",
    "date": "2024-05-30T18:33:01",
    "position": " \ud83d\udc64   lavozim: frontend - vue ",
    "technologies": ["vue", "js", "jquery", "css", "html", "js"]
  },
  {
    "company": " tafakkur group ",
    "job pattern": "",
    "location": "  toshkent",
    "salary": "  6+ mln uzs",
    "experience": "  2+  yil",
    "internship": "",
    "date": "2024-05-31T19:13:11",
    "position": " \ud83d\udc64   lavozim: frontend react ",
    "technologies": []
  },
  {
    "company": "   pbt antares ",
    "job pattern": "",
    "location": "  toshkent shahar ",
    "salary": "  500 - 1 500 $ usd",
    "experience": "  1 + yil",
    "internship": "",
    "date": "2024-05-31T19:30:13",
    "position": " \ud83d\udc64   lavozim: frontend -   next.js ",
    "technologies": ["js", "restful api", "next", "next", "js"]
  },
  {
    "company": "   cloudcom ",
    "job pattern": "",
    "location": "  masofadan (online) ",
    "salary": "  600 - 1 000 $ usd",
    "experience": "  6 + oy",
    "internship": "",
    "date": "2024-06-02T13:22:46",
    "position": " \ud83d\udc64   lavozim: frontend -   react.js ",
    "technologies": ["react", "js", "git", "react", "typescript"]
  },
  {
    "company": " - ",
    "job pattern": "",
    "location": "  toshkent shahar ",
    "salary": "  800 - 1 200 $ usd",
    "experience": "  3+ yil / middle",
    "internship": "",
    "date": "2024-06-04T16:41:49",
    "position": " \ud83d\udc64   lavozim: frontend - nuxt ",
    "technologies": [
      "vue",
      "git",
      "nuxt",
      "tailwind",
      "css",
      "js",
      "typescript",
      "sass"
    ]
  },
  {
    "company": "   eyesberg ",
    "job pattern": "",
    "location": "  toshkent shahar ",
    "salary": "  amaliyot uchun",
    "experience": "  -",
    "internship": "",
    "date": "2024-06-11T13:46:46",
    "position": " \ud83d\udc64   lavozim: frontend -   react.js ",
    "technologies": ["react", "bootstrap", "css", "html", "js"]
  },
  {
    "company": "   toshkent metropolinteni duk ",
    "job pattern": "",
    "location": "  toshkent shahar ",
    "salary": "  5 mln uzs",
    "experience": "  1+ yil",
    "internship": "",
    "date": "2024-06-12T14:36:16",
    "position": " \ud83d\udc64   lavozim: frontend -   react.js ",
    "technologies": [
      "react",
      "js",
      "git",
      "bootstrap",
      "css",
      "html",
      "typescript",
      "redux"
    ]
  },
  {
    "company": "   nz engineering ",
    "job pattern": "",
    "location": "  toshkent shahar ",
    "salary": "  amaliyot uchun",
    "experience": "  -",
    "internship": "",
    "date": "2024-06-12T14:39:22",
    "position": " \ud83d\udc64   lavozim: frontend -   react.js ",
    "technologies": ["react", "js", "tailwind", "css", "html"]
  },
  {
    "company": "   cargo ",
    "job pattern": "",
    "location": "  toshkent shahar ",
    "salary": "  300 + $ usd",
    "experience": "  junior",
    "internship": "",
    "date": "2024-06-19T10:25:04",
    "position": " \ud83d\udc64   lavozim: frontend -   react.js ",
    "technologies": [
      "react",
      "js",
      "git",
      "next",
      "bootstrap",
      "tailwind",
      "css",
      "html",
      "js",
      "typescript",
      "redux",
      "sass"
    ]
  },
  {
    "company": " diech ",
    "job pattern": "",
    "location": "  namangan viloyati ",
    "salary": "  amaliyot uchun",
    "experience": "  \u2014",
    "internship": "",
    "date": "2024-06-23T15:28:21",
    "position": " \ud83d\udc64   lavozim: frontend - vuejs ",
    "technologies": [
      "vue",
      "nuxt",
      "bootstrap",
      "tailwind",
      "css",
      "html",
      "js",
      "typescript"
    ]
  },
  {
    "company": "   shahnur software ",
    "job pattern": "",
    "location": "  dubai ",
    "salary": "  $2500 - $4000 usd",
    "experience": "  senior",
    "internship": "",
    "date": "2024-06-24T11:20:30",
    "position": " \ud83d\udc64   lavozim: frontend -   react.js ",
    "technologies": ["react", "js", "next", "next", "typescript"]
  },
  {
    "company": "   saidoff it kompaniyasi ",
    "job pattern": "",
    "location": "  toshkent shahar ",
    "salary": "  amaliyot uchun",
    "experience": "  \u2014",
    "internship": "",
    "date": "2024-06-26T17:22:17",
    "position": " \ud83d\udc64   lavozim: frontend -   react.js ",
    "technologies": ["react", "js", "next", "next", "js"]
  },
  {
    "company": "   it progress company ",
    "job pattern": "",
    "location": "  jizzax viloyati ",
    "salary": "  amaliyot uchun",
    "experience": "  \u2014",
    "internship": "",
    "date": "2024-06-29T14:14:13",
    "position": " \ud83d\udc64   lavozim: frontend -   react.js ",
    "technologies": ["react", "js", "git", "next", "js", "typescript"]
  },
  {
    "company": "   getter ",
    "job pattern": "",
    "location": "  toshkent shahar ",
    "salary": "  300$ +/-",
    "experience": "  junior",
    "internship": "",
    "date": "2024-07-02T10:07:23",
    "position": " \ud83d\udc64   lavozim: frontend -   react.js ",
    "technologies": ["react", "js", "next"]
  },
  {
    "company": "   davlat tashkiloti ",
    "job pattern": "",
    "location": "  toshkent shahar ",
    "salary": "  400$ + usd",
    "experience": "  bor",
    "internship": "",
    "date": "2024-07-03T12:30:05",
    "position": " lavozim: frontend -   react.js ",
    "technologies": ["react", "js", "css", "html", "redux"]
  },
  {
    "company": "   itcr ",
    "job pattern": "",
    "location": "  toshkent viloyati, nurafshon shahar ",
    "salary": "  250$ + usd",
    "experience": "",
    "internship": "",
    "date": "2024-07-04T10:29:34",
    "position": " lavozim: frontend -   react.js ",
    "technologies": ["react", "js", "git", "next", "js", "typescript"]
  },
  {
    "company": "   it center ",
    "job pattern": "",
    "location": "  qashqadaryo viloyati ",
    "salary": "  300 - 500 $ usd",
    "experience": "",
    "internship": "",
    "date": "2024-07-05T10:21:37",
    "position": " lavozim: frontend -   react.js ",
    "technologies": ["react", "css", "html", "js"]
  },
  {
    "company": "   xmed. uz ",
    "job pattern": "",
    "location": "  toshkent shahar ",
    "salary": "  800 $ usd",
    "experience": "  3 yil",
    "internship": "",
    "date": "2024-07-06T12:53:34",
    "position": " lavozim: frontend -   react.js ",
    "technologies": ["react", "css", "html", "js"]
  },
  {
    "company": "   oldcity ",
    "job pattern": "",
    "location": "  toshkent shahar ",
    "salary": "  700 $ usd dan , kelishiladi",
    "experience": "  1+ yil",
    "internship": "",
    "date": "2024-07-06T13:33:14",
    "position": " lavozim: frontend -   react.js ",
    "technologies": ["react", "git", "js", "typescript", "redux", "graphql"]
  },
  {
    "company": "   teamly ",
    "job pattern": "",
    "location": "  farg'ona ",
    "salary": "  300 - 500 $ usd",
    "experience": "",
    "internship": "",
    "date": "2024-07-06T16:07:20",
    "position": " lavozim: frontend -   vue.js ",
    "technologies": ["vue", "js", "git", "nuxt", "tailwind", "js"]
  },
  {
    "company": "   techx academy ",
    "job pattern": "",
    "location": "  andijon viloyati ",
    "salary": "  2 - 10 mln uzs",
    "experience": "  3 yil",
    "internship": "",
    "date": "2024-07-12T10:13:23",
    "position": " lavozim: frontend -   react.js ",
    "technologies": ["react", "js", "jquery", "css", "html", "sass"]
  },
  {
    "company": "   xazna - xalq banki ",
    "job pattern": "",
    "location": "  toshkent shahar ",
    "salary": "  1000 + $ usd",
    "experience": " 1 + yil",
    "internship": "",
    "date": "2024-07-12T11:49:58",
    "position": " lavozim: frontend -   angular ",
    "technologies": [
      "js",
      "git",
      "angular",
      "tailwind",
      "css",
      "html",
      "typescript"
    ]
  },
  {
    "company": "   green codes ",
    "job pattern": "",
    "location": "  toshkent shahar ",
    "salary": "  200 - 2000 $ usd",
    "experience": "",
    "internship": "",
    "date": "2024-07-15T09:42:47",
    "position": " lavozim: frontend -   vue.js ",
    "technologies": ["react", "vue", "js"]
  },
  {
    "company": "   ilm shifo nur o'quv markazi ",
    "job pattern": "",
    "location": "  toshkent shahar ",
    "salary": "  3 - 8 mln uzs",
    "experience": "  1 yil",
    "internship": "",
    "date": "2024-07-15T10:28:20",
    "position": " lavozim: frontend -   mentor ",
    "technologies": ["css", "html", "js"]
  },
  {
    "company": "   next developers team ",
    "job pattern": "",
    "location": "  toshkent shahar ",
    "salary": "  amaliyot uchun",
    "experience": "",
    "internship": "",
    "date": "2024-07-16T13:55:58",
    "position": " lavozim: frontend -   react.js ",
    "technologies": ["react", "typescript"]
  },
  {
    "company": "   najot ta'lim ",
    "job pattern": "",
    "location": "  toshkent shahar ",
    "salary": "   9 - 30 mln uzs ",
    "experience": "  2 yil ",
    "internship": "",
    "date": "2024-07-18T11:52:59",
    "position": " lavozim: frontend -   react.js ",
    "technologies": ["react", "js", "js", "typescript", "redux"]
  },
  {
    "company": "   it center mirishkor ",
    "job pattern": "",
    "location": "  qashqadaryo viloyati ",
    "salary": "   100(+) - 380 $ usd",
    "experience": "",
    "internship": "",
    "date": "2024-07-22T10:36:57",
    "position": " lavozim: frontend -   react.js ",
    "technologies": ["react", "css", "html", "js"]
  },
  {
    "company": "   mrit ",
    "job pattern": "",
    "location": "  samarqand viloyati ",
    "salary": "   500 - 800 $ usd",
    "experience": "",
    "internship": "",
    "date": "2024-07-23T14:42:26",
    "position": " lavozim: frontend -   react.js ",
    "technologies": [
      "react",
      "js",
      "git",
      "next",
      "bootstrap",
      "tailwind",
      "css",
      "html",
      "redux"
    ]
  },
  {
    "company": "   urfan edu ",
    "job pattern": "",
    "location": "  andijon viloyati ",
    "salary": "   200 - 700 $ usd",
    "experience": "",
    "internship": "",
    "date": "2024-07-24T10:12:50",
    "position": " lavozim: frontend -   react.js ",
    "technologies": ["react", "bootstrap", "tailwind", "css", "html", "js"]
  },
  {
    "company": "   yandex.uz ",
    "job pattern": "",
    "location": "  toshkent shahar ",
    "salary": "   haq to'lanadi",
    "experience": "",
    "internship": "",
    "date": "2024-07-24T11:50:48",
    "position": " lavozim: frontend -   amaliyot ",
    "technologies": ["react", "git", "css", "html", "js", "typescript"]
  }
]
